Workbook

Sheet Dashboard
A1: Placement Prep Tracker — Keshav Mittal
A2: DTU IT | 3rd Year → 4th Year | Target: SWE @ Mid-size Product Companies
A4: Placement window: | B4: < 1 month — every day counts. Track daily, not weekly.
A6: AREA | B6: DONE | C6: TOTAL | D6: % COMPLETE | E6: PRIORITY | F6: STATUS
A7: DSA (Blind 75) | B7: =COUNTIF('DSA Tracker'!E5:E79,"Done") -> 0 | C7: =COUNTA('DSA Tracker'!A5:A79) -> 75 | D7: =IFERROR(B7/C7,0) -> 0 | E7: P1 — Highest | F7: =IF(D7=1,"Complete",IF(D7>=0.5,"On Track","Needs Attention")) -> Needs Attention
A8: Project (GymKhanna) | B8: =COUNTIF('Project Tracker'!E5:E40,"Done") -> 0 | C8: =COUNTA('Project Tracker'!A5:A40) -> 17 | D8: =IFERROR(B8/C8,0) -> 0 | E8: P1 — Finish, don't expand | F8: =IF(D8=1,"Complete",IF(D8>=0.5,"On Track","Needs Attention")) -> Needs Attention
A9: SQL Practice | B9: =COUNTIF('Core Subjects'!E30:E45,"Done") -> 0 | C9: =COUNTA('Core Subjects'!A30:A45) -> 11 | D9: =IFERROR(B9/C9,0) -> 0 | E9: P1 — New & cheap | F9: =IF(D9=1,"Complete",IF(D9>=0.5,"On Track","Needs Attention")) -> Needs Attention
A10: LLD Patterns | B10: =COUNTIF('LLD Tracker'!E5:E14,"Done") -> 0 | C10: =COUNTA('LLD Tracker'!A5:A14) -> 10 | D10: =IFERROR(B10/C10,0) -> 0 | E10: P2 — Pattern only | F10: =IF(D10=1,"Complete",IF(D10>=0.5,"On Track","Needs Attention")) -> Needs Attention
A11: Core Subjects Revision | B11: =COUNTIF('Core Subjects'!E5:E29,"Done") -> 0 | C11: =COUNTA('Core Subjects'!A5:A29) -> 25 | D11: =IFERROR(B11/C11,0) -> 0 | E11: P3 — Revise, don't relearn | F11: =IF(D11=1,"Complete",IF(D11>=0.5,"On Track","Needs Attention")) -> Needs Attention
A12: Resume & Behavioral | B12: =COUNTIF('Resume & Behavioral'!D5:D20,"Done") -> 0 | C12: =COUNTA('Resume & Behavioral'!A5:A20) -> 15 | D12: =IFERROR(B12/C12,0) -> 0 | E12: P2 — Do early | F12: =IF(D12=1,"Complete",IF(D12>=0.5,"On Track","Needs Attention")) -> Needs Attention
A14: OVERALL COMPLETION | D14: =AVERAGE(D7:D12) -> 0
A17: 3-WEEK SEQUENCE
A18: Week 1 | B18: Pick Blind 75, start daily solving. Finish GymKhanna's remaining 40%. Start SQL (1-2 hrs/day).
A19: Week 2 | B19: Continue Blind 75 + pull thin topics from LC150. Polish GymKhanna, prep to explain every decision. Skim 5 LLD problems. Write behavioral stories.
A20: Week 3 | B20: Mock interviews, timed DSA practice. Resume deep-dive prep. Light revision: OOP/OS/CN/DBMS — explain-aloud level only.
A22: Note: OS/CN are revision-only this cycle — don't go deep, redirect that time to SQL + LLD pattern recognition + resume defense.

Sheet DSA Tracker
A1: DSA Tracker — Blind 75
A2: Since CP-style topics (graphs, DP, segment trees, monotonic deques) are already strong, this list is mostly coverage-check + speed. Mark gaps and pull matching topics from LC150 if needed.
A4: # | B4: Problem / Topic | C4: Pattern | D4: Difficulty | E4: Status | F4: Notes / Gap?
A5: 1 | B5: Two Sum | C5: Array / Hashing | D5: Easy | E5: To Do
A6: 2 | B6: Contains Duplicate | C6: Array / Hashing | D6: Easy | E6: To Do
A7: 3 | B7: Product of Array Except Self | C7: Array / Hashing | D7: Medium | E7: To Do
A8: 4 | B8: Maximum Subarray (Kadane's) | C8: Array / Hashing | D8: Medium | E8: To Do
A9: 5 | B9: Maximum Product Subarray | C9: Array / Hashing | D9: Medium | E9: To Do
A10: 6 | B10: Find Minimum in Rotated Sorted Array | C10: Binary Search | D10: Medium | E10: To Do
A11: 7 | B11: Search in Rotated Sorted Array | C11: Binary Search | D11: Medium | E11: To Do
A12: 8 | B12: 3Sum | C12: Array / Two Pointers | D12: Medium | E12: To Do
A13: 9 | B13: Container With Most Water | C13: Two Pointers | D13: Medium | E13: To Do
A14: 10 | B14: Sum of Two Integers (bit trick) | C14: Bit Manipulation | D14: Medium | E14: To Do
A15: 11 | B15: Number of 1 Bits | C15: Bit Manipulation | D15: Easy | E15: To Do
A16: 12 | B16: Counting Bits | C16: Bit Manipulation | D16: Easy | E16: To Do
... A81: 77 | B81: Subsets | C81: Backtracking | D81: Medium | E81: To Do
A83: Total problems: | B83: =COUNTA(A5:A81) -> 77
A84: Done: | B84: =COUNTIF(E5:E81,"Done") -> 0
A85: % Complete: | B85: =B84/B83 -> 0

Sheet Project Tracker
A1: Project Tracker — GymKhanna (MERN Fitness Tracker)
A2: Currently ~60% done. Goal: finish core features only this week — no scope creep. Be ready to explain every decision.
A4: # | B4: Feature / Task | C4: Layer | D4: Why it matters in interview | E4: Status | F4: Notes
A5: 1 | B5: Workout logging — CRUD | C5: Backend (API) | D5: Core feature; expect 'walk me through this flow' question | E5: To Do
A6: 2 | B6: Workout logging — UI | C6: Frontend | D6: Demonstrates React state/forms handling | E6: To Do
A7: 3 | B7: Progressive overload calc logic | C7: Backend (Logic) | D7: Good 'explain your algorithm/logic' talking point | E7: To Do
A8: 4 | B8: PR (personal record) detection | C8: Backend (Logic) | D8: Shows you can design business logic, not just CRUD | E8: To Do
A9: 5 | B9: Streak tracking | C9: Backend (Logic) | D9: Date/time edge cases — good debugging story | E9: To Do
A10: 6 | B10: Weight tracking | C10: Full stack | D10: Simple CRUD — confirm it's fully working | E10: To Do
A11: 7 | B11: Water intake tracking | C11: Full stack | D11: Simple CRUD — confirm it's fully working | E11: To Do
A12: 8 | B12: MongoDB schema design | C12: Database | D12: Be ready to explain why this schema, relations/embedding choice | E12: To Do
A13: 9 | B13: Auth (login/signup) | C13: Backend (Security) | D13: Common interview Q: how is auth handled, JWT vs sessions | E13: To Do
A14: 10 | B14: Input validation | C14: Backend | D14: Shows attention to robustness, not just happy path | E14: To Do
A15: 11 | B15: Error handling middleware | C15: Backend | D15: Shows maturity beyond a tutorial-level app | E15: To Do
A16: 12 | B16: Responsive UI pass | C16: Frontend | D16: Polish — don't over-invest, but should look presentable | E16: To Do
... A21: 17 | B21: Identify 1-2 'what would you improve at scale' answers | C21: Interview Prep | D21: Very commonly asked follow-up | E21: To Do

Sheet LLD Tracker
A1: LLD Tracker — Pattern Recognition Only
A2: Goal is NOT mastery (no time for that). Goal is: recognize the shape of the question, talk through classes/relationships, cite a relevant OOP principle.
A4: # | B4: Problem | C4: Core OOP Concept Tested | D4: Time-box | E4: Status | F4: Notes
A5: 1 | B5: Design a Parking Lot | C5: Inheritance, interfaces, strategy pattern | D5: 45 min | E5: To Do
A6: 2 | B6: Design Splitwise (expense sharing) | C6: Composition, balancing algorithm logic | D6: 45 min | E6: To Do
A7: 3 | B7: Design Tic-Tac-Toe / Board game | C7: State management, encapsulation | D7: 30 min | E7: To Do
A8: 4 | B8: Design a Library Management System | C8: Associations, single responsibility | D8: 30 min | E8: To Do
A9: 5 | B9: Design an Elevator System | C9: State machine, concurrency basics | D9: 30 min | E9: To Do
A10: 6 | B10: Design a Vending Machine | C10: State pattern, encapsulation | D10: 30 min | E10: To Do
A11: 7 | B11: Design a Rate Limiter (basic) | C11: Strategy pattern, simple system design overlap | D11: 30 min | E11: To Do
A12: 8 | B12: Design a URL Shortener (basic) | C12: Hashing logic, simple system design overlap | D12: 30 min | E12: To Do
A13: 9 | B13: SOLID Principles — explain each with example | C13: Foundational — must be fluent | D13: 30 min | E13: To Do
A14: 10 | B14: Composition vs Inheritance — explain with example | C14: Foundational — commonly asked directly | D14: 20 min | E14: To Do

Sheet Core Subjects
A1: Core Subjects — Revision + SQL Practice
A2: OOP/OS/CN/DBMS = revision only, 'explain clearly out loud' depth. SQL = new, prioritize this. Don't re-learn — confirm fluency.
A4: # | B4: Topic | C4: Subject | D4: Depth Needed | E4: Status | F4: Notes
A5: 1 | B5: 4 pillars (Encapsulation, Abstraction, Inheritance, Polymorphism) with examples | C5: OOP | D5: Explain-aloud | E5: To Do
A6: 2 | B6: Compile-time vs runtime polymorphism | C6: OOP | D6: Explain-aloud | E6: To Do
A7: 3 | B7: Constructors, destructors, virtual functions | C7: OOP | D7: Explain-aloud | E7: To Do
A8: 4 | B8: Diamond problem / multiple inheritance issues | C8: OOP | D8: Explain-aloud | E8: To Do
A9: 5 | B9: Process vs Thread | C9: OS | D9: Explain-aloud | E9: To Do
A10: 6 | B10: Deadlock — causes + prevention | C10: OS | D10: Explain-aloud | E10: To Do
A11: 7 | B11: Scheduling algorithms (overview only) | C11: OS | D11: Explain-aloud | E11: To Do
A12: 8 | B12: Paging vs Segmentation (overview) | C12: OS | D12: Explain-aloud | E12: To Do
A13: 9 | B13: Mutex vs Semaphore | C13: OS | D13: Explain-aloud | E13: To Do
A14: 10 | B14: Virtual memory — basic concept | C14: OS | D14: Explain-aloud | E14: To Do
A15: 11 | B15: TCP vs UDP | C15: CN | D15: Explain-aloud | E15: To Do
A16: 12 | B16: OSI model layers (overview) | C16: CN | D16: Explain-aloud | E16: To Do
... A29: 25 | B29: Networking basics applied to MERN (REST, CORS, ports) | C29: CN | D29: Project-specific | E29: To Do
A30: SQL PRACTICE (NEW — HIGH PRIORITY)
A31: 1 | B31: Basic SELECT, WHERE, ORDER BY | C31: SQL | D31: Hands-on | E31: To Do
A32: 2 | B32: GROUP BY + HAVING | C32: SQL | D32: Hands-on | E32: To Do
A33: 3 | B33: INNER / LEFT / RIGHT / FULL JOIN — write queries | C33: SQL | D33: Hands-on | E33: To Do
A34: 4 | B34: Subqueries (nested SELECT) | C34: SQL | D34: Hands-on | E34: To Do
A35: 5 | B35: Aggregate functions (COUNT, SUM, AVG, MIN, MAX) | C35: SQL | D35: Hands-on | E35: To Do
A36: 6 | B36: Window functions (RANK, ROW_NUMBER) — if time permits | C36: SQL | D36: Hands-on (stretch) | E36: To Do
A37: 7 | B37: UPDATE / DELETE with conditions | C37: SQL | D37: Hands-on | E37: To Do
A38: 8 | B38: Self joins | C38: SQL | D38: Hands-on | E38: To Do
A39: 9 | B39: CASE WHEN logic in queries | C39: SQL | D39: Hands-on | E39: To Do
A40: 10 | B40: Practice 10-15 SQL problems (LeetCode SQL / HackerRank) | C40: SQL | D40: Hands-on | E40: To Do

Sheet Resume & Behavioral
A1: Resume Deep-Dive & Behavioral Prep
A2: Assume every resume line gets questioned. Prep stories using situation-action-result structure.
A4: # | B4: Item | C4: Type | D4: Status | E4: Key Points / Story Notes
A5: 1 | B5: GymKhanna — why MERN, why this schema | C5: Resume Defense | D5: To Do
A6: 2 | B6: GymKhanna — PR detection / streak logic walk-through | C6: Resume Defense | D6: To Do
A7: 3 | B7: GymKhanna — what would you change at scale | C7: Resume Defense | D7: To Do
A8: 4 | B8: Take-Note — Redis rate limiting explanation | C8: Resume Defense | D8: To Do
A9: 5 | B9: Take-Note — CORS / ES module issues you debugged | C9: Resume Defense | D9: To Do
A10: 6 | B10: Huffman Compressor — algorithm explanation | C10: Resume Defense | D10: To Do
A11: 7 | B11: Toughest bug you've debugged (any project) | C11: Resume Defense | D11: To Do
A12: 8 | B12: Engifest — Head of PR: leadership story | C12: Behavioral | D12: To Do
A13: 9 | B13: Engifest — conflict resolution story | C13: Behavioral | D13: To Do
A14: 10 | B14: A time you failed / made a mistake | C14: Behavioral | D14: To Do
A15: 11 | B15: A time you handled ambiguity | C15: Behavioral | D15: To Do
A16: 12 | B16: Why this company / role (tailor per company) | C16: Behavioral | D16: To Do
... A19: 15 | B19: Resume — read it cold, anticipate every question | C19: Resume Defense | D19: To Do

Sheet Daily Log
A1: Daily Log
A2: Fill this every evening — 5 min. Forces honest tracking against the <1 month window.
A4: Date | B4: DSA (# solved) | C4: GymKhanna progress | D4: SQL / LLD / Core | E4: Hours studied | F4: Reflection / blocker
